id,selsovet_id,сельсовет,краткое_описание,место_название,тип,краткое_описание_места,широта,долгота,verification_status,source_url,notes
sight-01-01,selsovet-01,Мурапталовский сельсовет,Сельское поселение с административным центром в селе Новомурапталово; включает несколько населённых пунктов южной части района. Территория связана с Мурапталовской исторической линией поселений и близостью железнодорожной станции Мурапталово.,Новомурапталово,населённый пункт,Административный центр Мурапталовского сельсовета; координаты подходят как опорная точка карточки сельсовета.,52.424722,55.782222,exact,https://ru.wikipedia.org/wiki/Новомурапталово,
sight-01-02,selsovet-01,Мурапталовский сельсовет,Сельское поселение с административным центром в селе Новомурапталово; включает несколько населённых пунктов южной части района. Территория связана с Мурапталовской исторической линией поселений и близостью железнодорожной станции Мурапталово.,Старомурапталово,памятное место,"Старая деревня рядом с Новомурапталово; в открытых источниках отмечена мечеть, координаты указаны по центру населённого пункта.",52.432778,55.7975,fallback_settlement_center,https://ru.wikipedia.org/wiki/Старомурапталово,"Координаты относятся к деревне, не к отдельному объекту."
sight-02-01,selsovet-02,Якшимбетовский сельсовет,"Сельское поселение с административным центром в селе Якшимбетово; включает населённые пункты, часть которых вошла после преобразований 2008 года. На территории есть населённые пункты с локальными религиозными и памятными объектами.",Якшимбетово,населённый пункт,"Административный центр Якшимбетовского сельсовета; в селе находится мечеть, координаты указаны по центру населённого пункта.",52.561111,55.573056,fallback_settlement_center,https://ru.wikipedia.org/wiki/Якшимбетово_(Куюргазинский_район),"Координаты относятся к селу, не к мечети."
sight-02-02,selsovet-02,Якшимбетовский сельсовет,"Сельское поселение с административным центром в селе Якшимбетово; включает населённые пункты, часть которых вошла после преобразований 2008 года. На территории есть населённые пункты с локальными религиозными и памятными объектами.",Абдулово,памятное место,"Село, бывший административный центр упразднённого Абдуловского сельсовета; координаты подходят как историко-поселенческая точка.",52.624444,55.486667,exact,https://ru.wikipedia.org/wiki/Абдулово_(Куюргазинский_район),
sight-02-03,selsovet-02,Якшимбетовский сельсовет,"Сельское поселение с административным центром в селе Якшимбетово; включает населённые пункты, часть которых вошла после преобразований 2008 года. На территории есть населённые пункты с локальными религиозными и памятными объектами.",Якупово,религиозный объект,"Село, где в источниках указана мечеть «Зульхия»; координаты приведены по центру села как fallback.",52.6275,55.552222,fallback_settlement_center,https://ru.wikipedia.org/wiki/Якупово_(Куюргазинский_район),"Координаты относятся к селу, не к отдельной мечети."
sight-03-01,selsovet-03,Кривле-Илюшкинский сельсовет,Сельское поселение с административным центром в селе Кривле-Илюшкино; включает 12 населённых пунктов. В 2006 году центр был укрупнён за счёт объединения с Новознаменской 2-й.,Кривле-Илюшкино,населённый пункт,"Административный центр сельсовета; в открытом источнике подтверждены статус и описание, но точная машиночитаемая координата в этой выгрузке не зафиксирована.",,,not_found,https://ru.wikipedia.org/wiki/Кривле-Илюшкино,Нужна ручная проверка в Яндекс/Google/OSM.
sight-03-02,selsovet-03,Кривле-Илюшкинский сельсовет,Сельское поселение с административным центром в селе Кривле-Илюшкино; включает 12 населённых пунктов. В 2006 году центр был укрупнён за счёт объединения с Новознаменской 2-й.,Знаменка,населённый пункт,Деревня в составе Кривле-Илюшкинского сельсовета; можно использовать как fallback-точку после ручной проверки.,,,not_found,https://ru.wikipedia.org/wiki/Знаменка_(Куюргазинский_район),Нужна ручная проверка координат.
sight-04-01,selsovet-04,Таймасовский сельсовет,Сельское поселение с административным центром в селе Новотаймасово; включает несколько населённых пунктов северо-западной части района. Исторически связано с башкирскими деревнями Таймасовской группы.,Новотаймасово,населённый пункт,Административный центр Таймасовского сельсовета; координаты подтверждены по открытой странице населённого пункта.,52.788056,55.456389,exact,https://ru.wikipedia.org/wiki/Новотаймасово,
sight-04-02,selsovet-04,Таймасовский сельсовет,Сельское поселение с административным центром в селе Новотаймасово; включает несколько населённых пунктов северо-западной части района. Исторически связано с башкирскими деревнями Таймасовской группы.,Таймасово,историческое место,Село Таймасово — исторический населённый пункт в составе сельсовета; координаты подходят как поселенческая точка.,52.799444,55.464167,exact,https://ru.wikipedia.org/wiki/Таймасово,
sight-05-01,selsovet-05,Шабагишский сельсовет,"Сельское поселение с административным центром в деревне Шабагиш; включает несколько деревень в центральной части района. Для интерактивной карты полезно отображать как административный центр, так и природные/поселенческие ориентиры.",Шабагиш,населённый пункт,Административный центр Шабагишского сельсовета; координаты использовать как опорную точку карточки.,52.716111,55.521944,fallback_settlement_center,https://ru.wikipedia.org/wiki/Шабагиш,Координаты требуют дополнительной валидации перед продакшеном.
sight-05-02,selsovet-05,Шабагишский сельсовет,"Сельское поселение с административным центром в деревне Шабагиш; включает несколько деревень в центральной части района. Для интерактивной карты полезно отображать как административный центр, так и природные/поселенческие ориентиры.",Холодный Ключ,природный объект,Населённый пункт с природно-топонимической ценностью; координаты указаны как fallback по центру населённого пункта.,52.691667,55.510833,fallback_settlement_center,https://ru.wikipedia.org/wiki/Холодный_Ключ_(Куюргазинский_район),Координаты требуют дополнительной валидации перед продакшеном.
sight-06-01,selsovet-06,Зяк-Ишметовский сельсовет,"Зяк-Ишметовский сельсовет — муниципальное образование в Куюргазинском районе Башкортостана с административным центром в селе Зяк-Ишметово. Включает три населённых пункта: Зяк-Ишметово, Михайловку и Марьевку.",Зяк-Ишметово,населённый пункт,Административный центр сельсовета; координаты подтверждены по открытой странице населённого пункта.,52.870278,55.420278,exact,https://ru.wikipedia.org/wiki/Зяк-Ишметово,
sight-06-02,selsovet-06,Зяк-Ишметовский сельсовет,"Зяк-Ишметовский сельсовет — муниципальное образование в Куюргазинском районе Башкортостана с административным центром в селе Зяк-Ишметово. Включает три населённых пункта: Зяк-Ишметово, Михайловку и Марьевку.",Михайловка,памятное место,Деревня в составе Зяк-Ишметовского сельсовета; координаты указаны по центру деревни как опорная точка для будущих памятных мест.,52.884722,55.396667,fallback_settlement_center,https://ru.wikipedia.org/wiki/Михайловка_(Куюргазинский_район),Координаты требуют дополнительной валидации перед продакшеном.
sight-07-01,selsovet-07,Бахмутский сельсовет,"Сельское поселение с административным центром в селе Бахмут; включает 6 населённых пунктов. Расположено в восточной части района, поблизости от природных и сельских территорий.",Бахмут,населённый пункт,Административный центр Бахмутского сельсовета; координаты подтверждены по открытой странице населённого пункта.,52.654444,55.9075,exact,https://ru.wikipedia.org/wiki/Бахмут_(Башкортостан),
sight-07-02,selsovet-07,Бахмутский сельсовет,"Сельское поселение с административным центром в селе Бахмут; включает 6 населённых пунктов. Расположено в восточной части района, поблизости от природных и сельских территорий.",Горный Ключ,природный объект,Деревня с природно-топонимической привязкой; координаты указаны как fallback по центру населённого пункта.,52.638889,55.976389,fallback_settlement_center,https://ru.wikipedia.org/wiki/Горный_Ключ_(Куюргазинский_район),Координаты требуют дополнительной валидации перед продакшеном.
sight-08-01,selsovet-08,Свободинский сельсовет,"Сельское поселение с административным центром в селе Свобода; включает 4 населённых пункта. В его состав входят Кинья-Абыз и Тимербаево, переданные из упразднённого Абдуловского сельсовета.",Свобода,населённый пункт,Административный центр Свободинского сельсовета; координаты подтверждены по открытой странице населённого пункта.,52.751389,55.436667,exact,https://ru.wikipedia.org/wiki/Свобода_(Куюргазинский_район),
sight-08-02,selsovet-08,Свободинский сельсовет,"Сельское поселение с административным центром в селе Свобода; включает 4 населённых пункта. В его состав входят Кинья-Абыз и Тимербаево, переданные из упразднённого Абдуловского сельсовета.",Кинья-Абыз,музей / культурный объект,"Деревня, связанная с музеем Кинзи Арсланова; координаты указаны по центру деревни как fallback для объекта.",52.659444,55.429444,fallback_settlement_center,https://ru.wikipedia.org/wiki/Кинья-Абыз,Для музея нужна отдельная ручная проверка точки.
sight-08-03,selsovet-08,Свободинский сельсовет,"Сельское поселение с административным центром в селе Свобода; включает 4 населённых пункта. В его состав входят Кинья-Абыз и Тимербаево, переданные из упразднённого Абдуловского сельсовета.",Тимербаево,населённый пункт,Деревня в составе Свободинского сельсовета после преобразований; точка требует уточнения перед публикацией.,,,not_found,https://ru.wikipedia.org/wiki/Куюргазинский_район,Координаты не внесены в текущую выгрузку.
sight-09-01,selsovet-09,Отрадинский сельсовет,Сельское поселение с административным центром в селе Старая Отрада; включает 7 населённых пунктов. Территория лежит вдоль транспортной оси района и связана с историей старых поселений.,Старая Отрада,населённый пункт,Административный центр Отрадинского сельсовета; координаты подтверждены по открытой странице населённого пункта.,52.584444,55.8475,exact,https://ru.wikipedia.org/wiki/Старая_Отрада_(Башкортостан),
sight-09-02,selsovet-09,Отрадинский сельсовет,Сельское поселение с административным центром в селе Старая Отрада; включает 7 населённых пунктов. Территория лежит вдоль транспортной оси района и связана с историей старых поселений.,Новая Уралка,населённый пункт,Деревня в составе Отрадинского сельсовета; координаты указаны как опорная точка для карты.,52.591667,55.897222,fallback_settlement_center,https://ru.wikipedia.org/wiki/Новая_Уралка_(Куюргазинский_район),Координаты требуют дополнительной валидации перед продакшеном.
sight-10-01,selsovet-10,Ленинский сельсовет,Сельское поселение с административным центром в селе Бугульчан; включает 6 населённых пунктов. Территория представляет сельскую зону с небольшими деревнями и природными ландшафтами.,Бугульчан,населённый пункт,Административный центр Ленинского сельсовета; координаты указаны как опорная точка карточки.,52.82,55.66,fallback_settlement_center,https://ru.wikipedia.org/wiki/Бугульчан,Координаты требуют дополнительной валидации перед продакшеном.
sight-10-02,selsovet-10,Ленинский сельсовет,Сельское поселение с административным центром в селе Бугульчан; включает 6 населённых пунктов. Территория представляет сельскую зону с небольшими деревнями и природными ландшафтами.,Ковалёвка,населённый пункт,Деревня в составе Ленинского сельсовета; координаты указаны как fallback-точка.,52.78,55.62,fallback_settlement_center,https://ru.wikipedia.org/wiki/Ковалёвка_(Куюргазинский_район),Координаты требуют дополнительной валидации перед продакшеном.
sight-11-01,selsovet-11,Илькинеевский сельсовет,Сельское поселение с административным центром в деревне Илькинеево; включает 5 населённых пунктов. Для части точек нужны дополнительные полевые или картографические проверки координат.,Илькинеево,населённый пункт,Административный центр сельсовета; точные координаты в текущей выгрузке не зафиксированы.,,,not_found,https://ru.wikipedia.org/wiki/Илькинеево,Нужна ручная проверка в Яндекс/Google/OSM.
sight-11-02,selsovet-11,Илькинеевский сельсовет,Сельское поселение с административным центром в деревне Илькинеево; включает 5 населённых пунктов. Для части точек нужны дополнительные полевые или картографические проверки координат.,Новомусино,населённый пункт,Село в составе Илькинеевского сельсовета; координаты можно использовать как fallback внутри сельсовета.,52.736111,55.704444,fallback_settlement_center,https://ru.wikipedia.org/wiki/Новомусино_(Куюргазинский_район),Координаты требуют дополнительной валидации перед продакшеном.
sight-12-01,selsovet-12,Ермолаевский сельсовет,"Сельское поселение с административным центром в селе Ермолаево — районном центре Куюргазинского района. Здесь сосредоточены административные, культурные и общественные объекты района.",Ермолаево,административный и культурный центр,"Районный центр Куюргазинского района; рядом сосредоточены административные, культурные и общественные объекты.",52.716667,55.8,fallback_settlement_center,https://ru.wikipedia.org/wiki/Ермолаево_(Башкортостан),"Координаты относятся к селу Ермолаево, не к отдельным объектам."
sight-12-02,selsovet-12,Ермолаевский сельсовет,"Сельское поселение с административным центром в селе Ермолаево — районном центре Куюргазинского района. Здесь сосредоточены административные, культурные и общественные объекты района.",Айсуак,населённый пункт,Село в составе Ермолаевского сельсовета; координаты подтверждены по открытой странице населённого пункта.,52.688889,55.8,exact,https://ru.wikipedia.org/wiki/Айсуак,
